model,score,rating_q025,rating_q975,CI,avg_tokens,date
claude-3-7-sonnet-20250219,71.58,69.37,73.2,"(-2.21, +1.62)",1039.0,2025-04-06
gpt-4o-2024-11-20,68.44,66.8,70.06,"(-1.64, +1.62)",1023.0,2025-04-06
Widn__Tower-4-Vesuvius-SFT,58.34,56.41,60.61,"(-1.93, +2.27)",1743.0,2025-04-06
Qwen__Qwen2.5-72B-Instruct,50.0,50.0,50.0,"(-0.00, +0.00)",1805.0,2025-04-06
Widn__Tower-4-Sugarloaf,36.25,34.31,37.29,"(-1.94, +1.04)",1985.0,2025-04-06
meta-llama__Llama-3.3-70B-Instruct,31.54,28.67,33.11,"(-2.87, +1.57)",1493.0,2025-04-06
CohereForAI__aya-expanse-32b,30.29,28.66,32.42,"(-1.63, +2.13)",1336.0,2025-04-06
Widn__Tower-4-Sugarloaf-SFT,26.1,23.97,27.78,"(-2.13, +1.68)",1888.0,2025-04-06
CohereForAI__aya-expanse-8b,25.57,24.15,27.09,"(-1.42, +1.52)",1346.0,2025-04-06
google__gemma-2-27b-it,22.17,20.34,23.85,"(-1.83, +1.68)",1301.0,2025-04-06
Qwen__Qwen2.5-7B-Instruct_30_n_best_qad_w_ours_7B,21.65,20.22,23.7,"(-1.43, +2.05)",1607.0,2025-04-06
Qwen__Qwen2.5-14B-Instruct,19.87,18.35,20.97,"(-1.52, +1.10)",1447.0,2025-04-06
Qwen__Qwen2.5-7B-Instruct_30_n_best_qad_w_ours_3B,19.7,18.14,20.87,"(-1.56, +1.17)",1635.0,2025-04-06
Qwen2.5-14B-Instruct,19.63,18.51,21.62,"(-1.12, +1.99)",786.0,2025-04-06
Qwen__Qwen2.5-7B-Instruct_30_n_best_qad_w_ours_14B,19.43,17.78,20.81,"(-1.65, +1.38)",1902.0,2025-04-06
Qwen2.5-7B-Instruct,17.66,16.26,19.7,"(-1.40, +2.04)",860.0,2025-04-06
Qwen__Qwen2.5-7B-Instruct,17.61,16.25,18.83,"(-1.36, +1.22)",1429.0,2025-04-06
Qwen__Qwen2.5-7B-Instruct_30_n_best_qad_w_qwen_7,16.21,14.85,17.44,"(-1.36, +1.23)",1436.0,2025-04-06
Qwen__Qwen2.5-7B-Instruct_30_n_best_qad_w_qwen_14,16.02,14.94,17.53,"(-1.08, +1.51)",1399.0,2025-04-06
Qwen__Qwen2.5-7B-Instruct_30_n_best_qad_w_qwen_3,15.91,14.31,18.05,"(-1.60, +2.14)",1430.0,2025-04-06
google__gemma-2-9b-it,12.24,11.14,13.47,"(-1.10, +1.23)",1138.0,2025-04-06
Qwen__Qwen2.5-3B-Instruct_30_n_best_qad_w_multilingual_data_5_langs,11.94,10.91,13.77,"(-1.03, +1.83)",1622.0,2025-04-06
Qwen__Qwen2.5-3B-Instruct_30_n_best_qad_w_add_multilingual,11.68,10.26,12.86,"(-1.42, +1.18)",1604.0,2025-04-06
google__gemma-2-2b-it,11.52,10.38,12.64,"(-1.14, +1.12)",2531.0,2025-04-06
Qwen__Qwen2.5-3B-Instruct_30_n_best_qad_w_ours_7B,11.44,10.24,12.87,"(-1.20, +1.43)",1786.0,2025-04-06
Qwen__Qwen2.5-3B-Instruct_30_n_best_qad_w_hercule_hi,10.96,9.7,12.25,"(-1.26, +1.29)",1529.0,2025-04-06
Qwen__Qwen2.5-3B-Instruct_30_n_best_qad_w_ours_7B_REAL,10.71,9.42,11.84,"(-1.29, +1.13)",1750.0,2025-04-06
Qwen__Qwen2.5-3B-Instruct_30_n_best_qad_w_translated_data_3_langs_REAL,10.67,9.33,12.02,"(-1.34, +1.35)",1479.0,2025-04-06
Qwen__Qwen2.5-3B-Instruct_30_n_best_qad_w_hercule_fr,10.25,8.89,11.21,"(-1.36, +0.96)",1621.0,2025-04-06
Qwen__Qwen2.5-3B-Instruct_30_n_best_qad_w_ours_14B,10.13,8.88,11.32,"(-1.25, +1.19)",1962.0,2025-04-06
Qwen__Qwen2.5-3B-Instruct_30_n_best_qad_w_translated_data_3_langs,10.0,8.81,11.39,"(-1.19, +1.39)",1494.0,2025-04-06
Qwen__Qwen2.5-3B-Instruct_30_n_best_qad_w_ours_14B_REAL,9.86,9.05,10.99,"(-0.81, +1.13)",1953.0,2025-04-06
Qwen__Qwen2.5-3B-Instruct_30_n_best_qad_w_ours_3B,9.53,8.5,10.54,"(-1.03, +1.01)",2178.0,2025-04-06
Qwen__Qwen2.5-3B-Instruct_30_n_best_qad_w_prometheus_with_mistral,9.51,8.39,10.45,"(-1.12, +0.94)",1895.0,2025-04-06
Qwen__Qwen2.5-3B-Instruct_30_n_best_qad_w_prometheus_2_8x7B,9.44,8.45,10.5,"(-0.99, +1.06)",1545.0,2025-04-06
Qwen__Qwen2.5-3B-Instruct_30_n_best_qad_w_prometheus_2_7B,9.38,7.9,10.36,"(-1.48, +0.98)",1545.0,2025-04-06
Qwen__Qwen2.5-3B-Instruct_30_n_best_qad_w_ours_3B_REAL,9.32,7.98,10.17,"(-1.34, +0.85)",2307.0,2025-04-06
Widn__Tower-4-Anthill,9.25,8.31,10.41,"(-0.94, +1.16)",2383.0,2025-04-06
Qwen__Qwen2.5-3B-Instruct_30_n_best_qad_w_prometheus_with_eurollm_REAL,9.18,8.05,10.11,"(-1.13, +0.93)",1941.0,2025-04-06
Qwen__Qwen2.5-3B-Instruct_30_n_best_qad_w_prometheus_with_eurollm,8.92,7.84,10.06,"(-1.08, +1.14)",1973.0,2025-04-06
Qwen2.5-3B-Instruct,8.83,7.91,10.04,"(-0.92, +1.21)",1093.0,2025-04-06
Qwen__Qwen2.5-3B-Instruct_30_n_best_qad_w_add_mt,8.62,7.71,9.9,"(-0.91, +1.28)",1595.0,2025-04-06
Qwen__Qwen2.5-3B-Instruct_30_n_best_qad_w_prometheus_with_qwen,8.62,7.72,9.72,"(-0.90, +1.10)",1457.0,2025-04-06
Qwen__Qwen2.5-3B-Instruct_30_n_best_qad_w_qwen_14,8.53,7.53,9.38,"(-1.00, +0.85)",2080.0,2025-04-06
Qwen__Qwen2.5-3B-Instruct_30_n_best_qad_w_prometheus_with_aya,8.5,7.5,9.38,"(-1.00, +0.88)",1610.0,2025-04-06
Qwen__Qwen2.5-3B-Instruct_30_n_best_qad_w_prometheus_with_mistral_REAL,8.44,7.4,9.39,"(-1.04, +0.95)",1570.0,2025-04-06
Qwen__Qwen2.5-3B-Instruct_30_n_best_qad_w_qwen_3,8.19,7.22,9.13,"(-0.97, +0.94)",1813.0,2025-04-06
Qwen__Qwen2.5-3B-Instruct_30_n_best_qad_w_qwen_7,7.72,6.84,8.8,"(-0.88, +1.08)",2066.0,2025-04-06
Qwen__Qwen2.5-3B-Instruct_30_n_best_qad_w_glider,7.67,6.59,8.28,"(-1.08, +0.61)",2121.0,2025-04-06
Widn__Tower-3.0-vesuvius-241001,7.67,6.53,8.73,"(-1.14, +1.06)",1164.0,2025-04-06
Qwen__Qwen2.5-3B-Instruct,7.51,6.62,8.59,"(-0.89, +1.08)",2303.0,2025-04-06
Widn__Tower-3.0-sugarloaf-241001,6.18,5.34,6.9,"(-0.84, +0.72)",1294.0,2025-04-06
meta-llama__Llama-3.1-8B-Instruct,5.77,5.03,6.69,"(-0.74, +0.92)",2223.0,2025-04-06
Widn__Tower-4-Anthill-SFT,5.21,4.44,6.14,"(-0.77, +0.93)",2341.0,2025-04-06
utter-project__EuroLLM-9B-Instruct,4.92,4.1,5.71,"(-0.82, +0.79)",1500.0,2025-04-06
Unbabel__Tower-Llama3-70B-WMT24-Merged-2106,3.39,2.72,4.02,"(-0.67, +0.63)",961.0,2025-04-06
Widn__Tower-3.0-anthill-241001,2.33,1.78,2.88,"(-0.55, +0.55)",1612.0,2025-04-06
meta-llama__Llama-3.2-3B-Instruct,1.8,1.49,2.36,"(-0.31, +0.56)",3494.0,2025-04-06
meta-llama__Llama-2-13b-chat-hf,1.79,1.24,2.38,"(-0.55, +0.59)",2195.0,2025-04-06
meta-llama__Llama-2-7b-chat-hf,1.66,1.32,2.13,"(-0.34, +0.47)",2310.0,2025-04-06
mistralai__Mistral-7B-Instruct-v0.1,0.32,0.18,0.5,"(-0.14, +0.18)",3618.0,2025-04-06
Unbabel__Tower-Mistral-7B-Porfirissimo-2607,0.29,0.14,0.49,"(-0.15, +0.20)",2073.0,2025-04-06
ModelSpace__GemmaX2-28-2B-v0.1,0.23,0.09,0.33,"(-0.14, +0.10)",147.0,2025-04-06
Unbabel__TowerInstruct-7B-v0.2,0.22,0.08,0.38,"(-0.14, +0.16)",1087.0,2025-04-06
Unbabel__TowerInstruct-Mistral-7B-v0.2,0.18,0.03,0.35,"(-0.15, +0.17)",1123.0,2025-04-06
ModelSpace__GemmaX2-28-9B-v0.1,0.17,0.08,0.26,"(-0.09, +0.09)",275.0,2025-04-06
haoranxu__ALMA-13B-R,0.17,0.07,0.26,"(-0.10, +0.09)",353.0,2025-04-06
Unbabel__TowerInstruct-13B-v0.1,0.11,0.03,0.23,"(-0.08, +0.12)",992.0,2025-04-06
haoranxu__ALMA-7B-R,0.03,0.01,0.08,"(-0.02, +0.05)",983.0,2025-04-06
utter-project__EuroLLM-1.7B-Instruct,0.03,0.01,0.1,"(-0.02, +0.07)",1746.0,2025-04-06
